,name,framepath,label
0,0000,D:\split_video\class_action_64\playphone\0000,0
1,0001,D:\split_video\class_action_64\playphone\0001,0
2,0002,D:\split_video\class_action_64\playphone\0002,0
3,0003,D:\split_video\class_action_64\playphone\0003,0
4,0004,D:\split_video\class_action_64\playphone\0004,0
5,0005,D:\split_video\class_action_64\playphone\0005,0
6,0006,D:\split_video\class_action_64\playphone\0006,0
7,0007,D:\split_video\class_action_64\playphone\0007,0
8,0008,D:\split_video\class_action_64\playphone\0008,0
9,0009,D:\split_video\class_action_64\playphone\0009,0
10,0010,D:\split_video\class_action_64\playphone\0010,0
11,0011,D:\split_video\class_action_64\playphone\0011,0
12,0012,D:\split_video\class_action_64\playphone\0012,0
13,0013,D:\split_video\class_action_64\playphone\0013,0
14,0014,D:\split_video\class_action_64\playphone\0014,0
15,0015,D:\split_video\class_action_64\playphone\0015,0
16,0016,D:\split_video\class_action_64\playphone\0016,0
17,0017,D:\split_video\class_action_64\playphone\0017,0
18,0018,D:\split_video\class_action_64\playphone\0018,0
19,0019,D:\split_video\class_action_64\playphone\0019,0
20,0020,D:\split_video\class_action_64\playphone\0020,0
21,0021,D:\split_video\class_action_64\playphone\0021,0
22,0022,D:\split_video\class_action_64\playphone\0022,0
23,0023,D:\split_video\class_action_64\playphone\0023,0
24,0024,D:\split_video\class_action_64\playphone\0024,0
25,0025,D:\split_video\class_action_64\playphone\0025,0
26,0026,D:\split_video\class_action_64\playphone\0026,0
27,0027,D:\split_video\class_action_64\playphone\0027,0
28,0028,D:\split_video\class_action_64\playphone\0028,0
29,0029,D:\split_video\class_action_64\playphone\0029,0
30,0030,D:\split_video\class_action_64\playphone\0030,0
31,0031,D:\split_video\class_action_64\playphone\0031,0
32,0032,D:\split_video\class_action_64\playphone\0032,0
33,0033,D:\split_video\class_action_64\playphone\0033,0
34,0034,D:\split_video\class_action_64\playphone\0034,0
35,0035,D:\split_video\class_action_64\playphone\0035,0
36,0036,D:\split_video\class_action_64\playphone\0036,0
37,0037,D:\split_video\class_action_64\playphone\0037,0
38,0038,D:\split_video\class_action_64\playphone\0038,0
39,0039,D:\split_video\class_action_64\playphone\0039,0
40,0040,D:\split_video\class_action_64\playphone\0040,0
41,0041,D:\split_video\class_action_64\playphone\0041,0
42,0042,D:\split_video\class_action_64\playphone\0042,0
43,0043,D:\split_video\class_action_64\playphone\0043,0
44,0044,D:\split_video\class_action_64\playphone\0044,0
45,0045,D:\split_video\class_action_64\playphone\0045,0
46,0046,D:\split_video\class_action_64\playphone\0046,0
47,0047,D:\split_video\class_action_64\playphone\0047,0
48,0048,D:\split_video\class_action_64\playphone\0048,0
49,0049,D:\split_video\class_action_64\playphone\0049,0
50,0050,D:\split_video\class_action_64\playphone\0050,0
51,0051,D:\split_video\class_action_64\playphone\0051,0
52,0052,D:\split_video\class_action_64\playphone\0052,0
53,0053,D:\split_video\class_action_64\playphone\0053,0
54,0054,D:\split_video\class_action_64\playphone\0054,0
55,0055,D:\split_video\class_action_64\playphone\0055,0
56,0056,D:\split_video\class_action_64\playphone\0056,0
57,0057,D:\split_video\class_action_64\playphone\0057,0
58,0058,D:\split_video\class_action_64\playphone\0058,0
59,0059,D:\split_video\class_action_64\playphone\0059,0
60,0060,D:\split_video\class_action_64\playphone\0060,0
61,0061,D:\split_video\class_action_64\playphone\0061,0
62,0062,D:\split_video\class_action_64\playphone\0062,0
63,0063,D:\split_video\class_action_64\playphone\0063,0
64,0064,D:\split_video\class_action_64\playphone\0064,0
65,0065,D:\split_video\class_action_64\playphone\0065,0
66,0066,D:\split_video\class_action_64\playphone\0066,0
67,0067,D:\split_video\class_action_64\playphone\0067,0
68,0068,D:\split_video\class_action_64\playphone\0068,0
69,0069,D:\split_video\class_action_64\playphone\0069,0
70,0070,D:\split_video\class_action_64\playphone\0070,0
71,0071,D:\split_video\class_action_64\playphone\0071,0
72,0072,D:\split_video\class_action_64\playphone\0072,0
73,0073,D:\split_video\class_action_64\playphone\0073,0
74,0074,D:\split_video\class_action_64\playphone\0074,0
75,0075,D:\split_video\class_action_64\playphone\0075,0
76,0076,D:\split_video\class_action_64\playphone\0076,0
77,0077,D:\split_video\class_action_64\playphone\0077,0
78,0078,D:\split_video\class_action_64\playphone\0078,0
79,0079,D:\split_video\class_action_64\playphone\0079,0
80,0080,D:\split_video\class_action_64\playphone\0080,0
81,0081,D:\split_video\class_action_64\playphone\0081,0
82,0082,D:\split_video\class_action_64\playphone\0082,0
83,0083,D:\split_video\class_action_64\playphone\0083,0
84,0084,D:\split_video\class_action_64\playphone\0084,0
85,0085,D:\split_video\class_action_64\playphone\0085,0
86,0086,D:\split_video\class_action_64\playphone\0086,0
87,0087,D:\split_video\class_action_64\playphone\0087,0
88,0088,D:\split_video\class_action_64\playphone\0088,0
89,0089,D:\split_video\class_action_64\playphone\0089,0
90,0090,D:\split_video\class_action_64\playphone\0090,0
91,0091,D:\split_video\class_action_64\playphone\0091,0
92,0092,D:\split_video\class_action_64\playphone\0092,0
93,0093,D:\split_video\class_action_64\playphone\0093,0
94,0094,D:\split_video\class_action_64\playphone\0094,0
95,0095,D:\split_video\class_action_64\playphone\0095,0
96,0096,D:\split_video\class_action_64\playphone\0096,0
97,0097,D:\split_video\class_action_64\playphone\0097,0
98,0098,D:\split_video\class_action_64\playphone\0098,0
99,0099,D:\split_video\class_action_64\playphone\0099,0
100,0100,D:\split_video\class_action_64\playphone\0100,0
101,0101,D:\split_video\class_action_64\playphone\0101,0
102,0102,D:\split_video\class_action_64\playphone\0102,0
103,0103,D:\split_video\class_action_64\playphone\0103,0
104,0104,D:\split_video\class_action_64\playphone\0104,0
105,0105,D:\split_video\class_action_64\playphone\0105,0
106,0106,D:\split_video\class_action_64\playphone\0106,0
107,0107,D:\split_video\class_action_64\playphone\0107,0
108,0108,D:\split_video\class_action_64\playphone\0108,0
109,0109,D:\split_video\class_action_64\playphone\0109,0
110,0110,D:\split_video\class_action_64\playphone\0110,0
111,0111,D:\split_video\class_action_64\playphone\0111,0
112,0112,D:\split_video\class_action_64\playphone\0112,0
113,0113,D:\split_video\class_action_64\playphone\0113,0
114,0114,D:\split_video\class_action_64\playphone\0114,0
115,0115,D:\split_video\class_action_64\playphone\0115,0
116,0116,D:\split_video\class_action_64\playphone\0116,0
117,0117,D:\split_video\class_action_64\playphone\0117,0
118,0118,D:\split_video\class_action_64\playphone\0118,0
119,0119,D:\split_video\class_action_64\playphone\0119,0
120,0120,D:\split_video\class_action_64\playphone\0120,0
121,0121,D:\split_video\class_action_64\playphone\0121,0
122,0122,D:\split_video\class_action_64\playphone\0122,0
123,0123,D:\split_video\class_action_64\playphone\0123,0
124,0124,D:\split_video\class_action_64\playphone\0124,0
125,0125,D:\split_video\class_action_64\playphone\0125,0
126,0126,D:\split_video\class_action_64\playphone\0126,0
127,0127,D:\split_video\class_action_64\playphone\0127,0
128,0128,D:\split_video\class_action_64\playphone\0128,0
129,0129,D:\split_video\class_action_64\playphone\0129,0
130,0000,D:\split_video\class_action_64\readbook\0000,1
131,0001,D:\split_video\class_action_64\readbook\0001,1
132,0002,D:\split_video\class_action_64\readbook\0002,1
133,0003,D:\split_video\class_action_64\readbook\0003,1
134,0004,D:\split_video\class_action_64\readbook\0004,1
135,0005,D:\split_video\class_action_64\readbook\0005,1
136,0006,D:\split_video\class_action_64\readbook\0006,1
137,0007,D:\split_video\class_action_64\readbook\0007,1
138,0008,D:\split_video\class_action_64\readbook\0008,1
139,0009,D:\split_video\class_action_64\readbook\0009,1
140,0010,D:\split_video\class_action_64\readbook\0010,1
141,0011,D:\split_video\class_action_64\readbook\0011,1
142,0012,D:\split_video\class_action_64\readbook\0012,1
143,0013,D:\split_video\class_action_64\readbook\0013,1
144,0014,D:\split_video\class_action_64\readbook\0014,1
145,0015,D:\split_video\class_action_64\readbook\0015,1
146,0016,D:\split_video\class_action_64\readbook\0016,1
147,0017,D:\split_video\class_action_64\readbook\0017,1
148,0018,D:\split_video\class_action_64\readbook\0018,1
149,0019,D:\split_video\class_action_64\readbook\0019,1
150,0020,D:\split_video\class_action_64\readbook\0020,1
151,0021,D:\split_video\class_action_64\readbook\0021,1
152,0022,D:\split_video\class_action_64\readbook\0022,1
153,0023,D:\split_video\class_action_64\readbook\0023,1
154,0024,D:\split_video\class_action_64\readbook\0024,1
155,0025,D:\split_video\class_action_64\readbook\0025,1
156,0026,D:\split_video\class_action_64\readbook\0026,1
157,0027,D:\split_video\class_action_64\readbook\0027,1
158,0028,D:\split_video\class_action_64\readbook\0028,1
159,0029,D:\split_video\class_action_64\readbook\0029,1
160,0030,D:\split_video\class_action_64\readbook\0030,1
161,0031,D:\split_video\class_action_64\readbook\0031,1
162,0032,D:\split_video\class_action_64\readbook\0032,1
163,0033,D:\split_video\class_action_64\readbook\0033,1
164,0034,D:\split_video\class_action_64\readbook\0034,1
165,0035,D:\split_video\class_action_64\readbook\0035,1
166,0036,D:\split_video\class_action_64\readbook\0036,1
167,0037,D:\split_video\class_action_64\readbook\0037,1
168,0038,D:\split_video\class_action_64\readbook\0038,1
169,0039,D:\split_video\class_action_64\readbook\0039,1
170,0040,D:\split_video\class_action_64\readbook\0040,1
171,0041,D:\split_video\class_action_64\readbook\0041,1
172,0042,D:\split_video\class_action_64\readbook\0042,1
173,0043,D:\split_video\class_action_64\readbook\0043,1
174,0044,D:\split_video\class_action_64\readbook\0044,1
175,0045,D:\split_video\class_action_64\readbook\0045,1
176,0046,D:\split_video\class_action_64\readbook\0046,1
177,0047,D:\split_video\class_action_64\readbook\0047,1
178,0048,D:\split_video\class_action_64\readbook\0048,1
179,0049,D:\split_video\class_action_64\readbook\0049,1
180,0050,D:\split_video\class_action_64\readbook\0050,1
181,0051,D:\split_video\class_action_64\readbook\0051,1
182,0052,D:\split_video\class_action_64\readbook\0052,1
183,0053,D:\split_video\class_action_64\readbook\0053,1
184,0054,D:\split_video\class_action_64\readbook\0054,1
185,0055,D:\split_video\class_action_64\readbook\0055,1
186,0056,D:\split_video\class_action_64\readbook\0056,1
187,0057,D:\split_video\class_action_64\readbook\0057,1
188,0058,D:\split_video\class_action_64\readbook\0058,1
189,0059,D:\split_video\class_action_64\readbook\0059,1
190,0060,D:\split_video\class_action_64\readbook\0060,1
191,0061,D:\split_video\class_action_64\readbook\0061,1
192,0062,D:\split_video\class_action_64\readbook\0062,1
193,0063,D:\split_video\class_action_64\readbook\0063,1
194,0064,D:\split_video\class_action_64\readbook\0064,1
195,0065,D:\split_video\class_action_64\readbook\0065,1
196,0066,D:\split_video\class_action_64\readbook\0066,1
197,0067,D:\split_video\class_action_64\readbook\0067,1
198,0068,D:\split_video\class_action_64\readbook\0068,1
199,0069,D:\split_video\class_action_64\readbook\0069,1
200,0070,D:\split_video\class_action_64\readbook\0070,1
201,0071,D:\split_video\class_action_64\readbook\0071,1
202,0072,D:\split_video\class_action_64\readbook\0072,1
203,0073,D:\split_video\class_action_64\readbook\0073,1
204,0074,D:\split_video\class_action_64\readbook\0074,1
205,0075,D:\split_video\class_action_64\readbook\0075,1
206,0076,D:\split_video\class_action_64\readbook\0076,1
207,0077,D:\split_video\class_action_64\readbook\0077,1
208,0078,D:\split_video\class_action_64\readbook\0078,1
209,0079,D:\split_video\class_action_64\readbook\0079,1
210,0080,D:\split_video\class_action_64\readbook\0080,1
211,0081,D:\split_video\class_action_64\readbook\0081,1
212,0082,D:\split_video\class_action_64\readbook\0082,1
213,0083,D:\split_video\class_action_64\readbook\0083,1
214,0084,D:\split_video\class_action_64\readbook\0084,1
215,0085,D:\split_video\class_action_64\readbook\0085,1
216,0086,D:\split_video\class_action_64\readbook\0086,1
217,0087,D:\split_video\class_action_64\readbook\0087,1
218,0088,D:\split_video\class_action_64\readbook\0088,1
219,0089,D:\split_video\class_action_64\readbook\0089,1
220,0090,D:\split_video\class_action_64\readbook\0090,1
221,0091,D:\split_video\class_action_64\readbook\0091,1
222,0092,D:\split_video\class_action_64\readbook\0092,1
223,0093,D:\split_video\class_action_64\readbook\0093,1
224,0094,D:\split_video\class_action_64\readbook\0094,1
225,0095,D:\split_video\class_action_64\readbook\0095,1
226,0096,D:\split_video\class_action_64\readbook\0096,1
227,0097,D:\split_video\class_action_64\readbook\0097,1
228,0098,D:\split_video\class_action_64\readbook\0098,1
229,0099,D:\split_video\class_action_64\readbook\0099,1
230,0100,D:\split_video\class_action_64\readbook\0100,1
231,0101,D:\split_video\class_action_64\readbook\0101,1
232,0000,D:\split_video\class_action_64\watch\0000,2
233,0001,D:\split_video\class_action_64\watch\0001,2
234,0002,D:\split_video\class_action_64\watch\0002,2
235,0003,D:\split_video\class_action_64\watch\0003,2
236,0004,D:\split_video\class_action_64\watch\0004,2
237,0005,D:\split_video\class_action_64\watch\0005,2
238,0006,D:\split_video\class_action_64\watch\0006,2
239,0007,D:\split_video\class_action_64\watch\0007,2
240,0008,D:\split_video\class_action_64\watch\0008,2
241,0009,D:\split_video\class_action_64\watch\0009,2
242,0010,D:\split_video\class_action_64\watch\0010,2
243,0011,D:\split_video\class_action_64\watch\0011,2
244,0012,D:\split_video\class_action_64\watch\0012,2
245,0013,D:\split_video\class_action_64\watch\0013,2
246,0014,D:\split_video\class_action_64\watch\0014,2
247,0015,D:\split_video\class_action_64\watch\0015,2
248,0016,D:\split_video\class_action_64\watch\0016,2
249,0017,D:\split_video\class_action_64\watch\0017,2
250,0018,D:\split_video\class_action_64\watch\0018,2
251,0019,D:\split_video\class_action_64\watch\0019,2
252,0020,D:\split_video\class_action_64\watch\0020,2
253,0021,D:\split_video\class_action_64\watch\0021,2
254,0022,D:\split_video\class_action_64\watch\0022,2
255,0023,D:\split_video\class_action_64\watch\0023,2
256,0024,D:\split_video\class_action_64\watch\0024,2
257,0025,D:\split_video\class_action_64\watch\0025,2
258,0026,D:\split_video\class_action_64\watch\0026,2
259,0027,D:\split_video\class_action_64\watch\0027,2
260,0028,D:\split_video\class_action_64\watch\0028,2
261,0029,D:\split_video\class_action_64\watch\0029,2
262,0030,D:\split_video\class_action_64\watch\0030,2
263,0031,D:\split_video\class_action_64\watch\0031,2
264,0032,D:\split_video\class_action_64\watch\0032,2
265,0033,D:\split_video\class_action_64\watch\0033,2
266,0034,D:\split_video\class_action_64\watch\0034,2
267,0035,D:\split_video\class_action_64\watch\0035,2
268,0036,D:\split_video\class_action_64\watch\0036,2
269,0037,D:\split_video\class_action_64\watch\0037,2
270,0038,D:\split_video\class_action_64\watch\0038,2
271,0039,D:\split_video\class_action_64\watch\0039,2
272,0040,D:\split_video\class_action_64\watch\0040,2
273,0041,D:\split_video\class_action_64\watch\0041,2
274,0042,D:\split_video\class_action_64\watch\0042,2
275,0043,D:\split_video\class_action_64\watch\0043,2
276,0044,D:\split_video\class_action_64\watch\0044,2
277,0045,D:\split_video\class_action_64\watch\0045,2
278,0046,D:\split_video\class_action_64\watch\0046,2
279,0047,D:\split_video\class_action_64\watch\0047,2
280,0048,D:\split_video\class_action_64\watch\0048,2
281,0049,D:\split_video\class_action_64\watch\0049,2
282,0050,D:\split_video\class_action_64\watch\0050,2
283,0051,D:\split_video\class_action_64\watch\0051,2
284,0052,D:\split_video\class_action_64\watch\0052,2
285,0053,D:\split_video\class_action_64\watch\0053,2
286,0054,D:\split_video\class_action_64\watch\0054,2
287,0055,D:\split_video\class_action_64\watch\0055,2
288,0056,D:\split_video\class_action_64\watch\0056,2
289,0057,D:\split_video\class_action_64\watch\0057,2
290,0058,D:\split_video\class_action_64\watch\0058,2
291,0059,D:\split_video\class_action_64\watch\0059,2
292,0060,D:\split_video\class_action_64\watch\0060,2
293,0061,D:\split_video\class_action_64\watch\0061,2
294,0062,D:\split_video\class_action_64\watch\0062,2
295,0063,D:\split_video\class_action_64\watch\0063,2
296,0064,D:\split_video\class_action_64\watch\0064,2
297,0065,D:\split_video\class_action_64\watch\0065,2
298,0066,D:\split_video\class_action_64\watch\0066,2
299,0067,D:\split_video\class_action_64\watch\0067,2
300,0068,D:\split_video\class_action_64\watch\0068,2
301,0069,D:\split_video\class_action_64\watch\0069,2
302,0070,D:\split_video\class_action_64\watch\0070,2
303,0071,D:\split_video\class_action_64\watch\0071,2
304,0072,D:\split_video\class_action_64\watch\0072,2
305,0073,D:\split_video\class_action_64\watch\0073,2
306,0074,D:\split_video\class_action_64\watch\0074,2
307,0075,D:\split_video\class_action_64\watch\0075,2
308,0076,D:\split_video\class_action_64\watch\0076,2
309,0077,D:\split_video\class_action_64\watch\0077,2
310,0078,D:\split_video\class_action_64\watch\0078,2
311,0079,D:\split_video\class_action_64\watch\0079,2
312,0080,D:\split_video\class_action_64\watch\0080,2
313,0081,D:\split_video\class_action_64\watch\0081,2
314,0082,D:\split_video\class_action_64\watch\0082,2
315,0083,D:\split_video\class_action_64\watch\0083,2
316,0084,D:\split_video\class_action_64\watch\0084,2
317,0085,D:\split_video\class_action_64\watch\0085,2
318,0086,D:\split_video\class_action_64\watch\0086,2
319,0087,D:\split_video\class_action_64\watch\0087,2
320,0088,D:\split_video\class_action_64\watch\0088,2
321,0089,D:\split_video\class_action_64\watch\0089,2
322,0090,D:\split_video\class_action_64\watch\0090,2
323,0091,D:\split_video\class_action_64\watch\0091,2
324,0092,D:\split_video\class_action_64\watch\0092,2
325,0093,D:\split_video\class_action_64\watch\0093,2
326,0094,D:\split_video\class_action_64\watch\0094,2
327,0095,D:\split_video\class_action_64\watch\0095,2
328,0096,D:\split_video\class_action_64\watch\0096,2
329,0097,D:\split_video\class_action_64\watch\0097,2
330,0098,D:\split_video\class_action_64\watch\0098,2
331,0099,D:\split_video\class_action_64\watch\0099,2
332,0100,D:\split_video\class_action_64\watch\0100,2
333,0101,D:\split_video\class_action_64\watch\0101,2
334,0102,D:\split_video\class_action_64\watch\0102,2
335,0103,D:\split_video\class_action_64\watch\0103,2
336,0104,D:\split_video\class_action_64\watch\0104,2
337,0105,D:\split_video\class_action_64\watch\0105,2
338,0106,D:\split_video\class_action_64\watch\0106,2
339,0107,D:\split_video\class_action_64\watch\0107,2
340,0108,D:\split_video\class_action_64\watch\0108,2
341,0109,D:\split_video\class_action_64\watch\0109,2
342,0110,D:\split_video\class_action_64\watch\0110,2
343,0111,D:\split_video\class_action_64\watch\0111,2
344,0112,D:\split_video\class_action_64\watch\0112,2
345,0113,D:\split_video\class_action_64\watch\0113,2
346,0114,D:\split_video\class_action_64\watch\0114,2
347,0115,D:\split_video\class_action_64\watch\0115,2
348,0116,D:\split_video\class_action_64\watch\0116,2
349,0117,D:\split_video\class_action_64\watch\0117,2
350,0118,D:\split_video\class_action_64\watch\0118,2
351,0119,D:\split_video\class_action_64\watch\0119,2
352,0120,D:\split_video\class_action_64\watch\0120,2
353,0121,D:\split_video\class_action_64\watch\0121,2
354,0122,D:\split_video\class_action_64\watch\0122,2
355,0123,D:\split_video\class_action_64\watch\0123,2
356,0124,D:\split_video\class_action_64\watch\0124,2
357,0125,D:\split_video\class_action_64\watch\0125,2
358,0126,D:\split_video\class_action_64\watch\0126,2
359,0127,D:\split_video\class_action_64\watch\0127,2
360,0128,D:\split_video\class_action_64\watch\0128,2
361,0129,D:\split_video\class_action_64\watch\0129,2
362,0130,D:\split_video\class_action_64\watch\0130,2
363,0131,D:\split_video\class_action_64\watch\0131,2
364,0132,D:\split_video\class_action_64\watch\0132,2
365,0000,D:\split_video\class_action_64\write\0000,3
366,0001,D:\split_video\class_action_64\write\0001,3
367,0002,D:\split_video\class_action_64\write\0002,3
368,0003,D:\split_video\class_action_64\write\0003,3
369,0004,D:\split_video\class_action_64\write\0004,3
370,0005,D:\split_video\class_action_64\write\0005,3
371,0006,D:\split_video\class_action_64\write\0006,3
372,0007,D:\split_video\class_action_64\write\0007,3
373,0008,D:\split_video\class_action_64\write\0008,3
374,0009,D:\split_video\class_action_64\write\0009,3
375,0010,D:\split_video\class_action_64\write\0010,3
376,0011,D:\split_video\class_action_64\write\0011,3
377,0012,D:\split_video\class_action_64\write\0012,3
378,0013,D:\split_video\class_action_64\write\0013,3
379,0014,D:\split_video\class_action_64\write\0014,3
380,0015,D:\split_video\class_action_64\write\0015,3
381,0016,D:\split_video\class_action_64\write\0016,3
382,0017,D:\split_video\class_action_64\write\0017,3
383,0018,D:\split_video\class_action_64\write\0018,3
384,0019,D:\split_video\class_action_64\write\0019,3
385,0020,D:\split_video\class_action_64\write\0020,3
386,0021,D:\split_video\class_action_64\write\0021,3
387,0022,D:\split_video\class_action_64\write\0022,3
388,0023,D:\split_video\class_action_64\write\0023,3
389,0024,D:\split_video\class_action_64\write\0024,3
390,0025,D:\split_video\class_action_64\write\0025,3
391,0026,D:\split_video\class_action_64\write\0026,3
392,0027,D:\split_video\class_action_64\write\0027,3
393,0028,D:\split_video\class_action_64\write\0028,3
394,0029,D:\split_video\class_action_64\write\0029,3
395,0030,D:\split_video\class_action_64\write\0030,3
396,0031,D:\split_video\class_action_64\write\0031,3
397,0032,D:\split_video\class_action_64\write\0032,3
398,0033,D:\split_video\class_action_64\write\0033,3
399,0034,D:\split_video\class_action_64\write\0034,3
400,0035,D:\split_video\class_action_64\write\0035,3
401,0036,D:\split_video\class_action_64\write\0036,3
402,0037,D:\split_video\class_action_64\write\0037,3
403,0038,D:\split_video\class_action_64\write\0038,3
404,0039,D:\split_video\class_action_64\write\0039,3
405,0040,D:\split_video\class_action_64\write\0040,3
406,0041,D:\split_video\class_action_64\write\0041,3
407,0042,D:\split_video\class_action_64\write\0042,3
408,0043,D:\split_video\class_action_64\write\0043,3
409,0044,D:\split_video\class_action_64\write\0044,3
410,0045,D:\split_video\class_action_64\write\0045,3
411,0046,D:\split_video\class_action_64\write\0046,3
412,0047,D:\split_video\class_action_64\write\0047,3
413,0048,D:\split_video\class_action_64\write\0048,3
414,0049,D:\split_video\class_action_64\write\0049,3
415,0050,D:\split_video\class_action_64\write\0050,3
416,0051,D:\split_video\class_action_64\write\0051,3
417,0052,D:\split_video\class_action_64\write\0052,3
418,0053,D:\split_video\class_action_64\write\0053,3
419,0054,D:\split_video\class_action_64\write\0054,3
420,0055,D:\split_video\class_action_64\write\0055,3
421,0056,D:\split_video\class_action_64\write\0056,3
422,0057,D:\split_video\class_action_64\write\0057,3
423,0058,D:\split_video\class_action_64\write\0058,3
424,0059,D:\split_video\class_action_64\write\0059,3
425,0060,D:\split_video\class_action_64\write\0060,3
426,0061,D:\split_video\class_action_64\write\0061,3
427,0062,D:\split_video\class_action_64\write\0062,3
428,0063,D:\split_video\class_action_64\write\0063,3
429,0064,D:\split_video\class_action_64\write\0064,3
430,0065,D:\split_video\class_action_64\write\0065,3
431,0066,D:\split_video\class_action_64\write\0066,3
432,0067,D:\split_video\class_action_64\write\0067,3
433,0068,D:\split_video\class_action_64\write\0068,3
434,0069,D:\split_video\class_action_64\write\0069,3
435,0070,D:\split_video\class_action_64\write\0070,3
436,0071,D:\split_video\class_action_64\write\0071,3
437,0072,D:\split_video\class_action_64\write\0072,3
438,0073,D:\split_video\class_action_64\write\0073,3
439,0074,D:\split_video\class_action_64\write\0074,3
440,0075,D:\split_video\class_action_64\write\0075,3
441,0076,D:\split_video\class_action_64\write\0076,3
442,0077,D:\split_video\class_action_64\write\0077,3
443,0078,D:\split_video\class_action_64\write\0078,3
444,0079,D:\split_video\class_action_64\write\0079,3
445,0080,D:\split_video\class_action_64\write\0080,3
446,0081,D:\split_video\class_action_64\write\0081,3
447,0082,D:\split_video\class_action_64\write\0082,3
448,0083,D:\split_video\class_action_64\write\0083,3
449,0084,D:\split_video\class_action_64\write\0084,3
450,0085,D:\split_video\class_action_64\write\0085,3
451,0086,D:\split_video\class_action_64\write\0086,3
452,0087,D:\split_video\class_action_64\write\0087,3
453,0088,D:\split_video\class_action_64\write\0088,3
454,0089,D:\split_video\class_action_64\write\0089,3
455,0090,D:\split_video\class_action_64\write\0090,3
456,0091,D:\split_video\class_action_64\write\0091,3
457,0092,D:\split_video\class_action_64\write\0092,3
458,0093,D:\split_video\class_action_64\write\0093,3
459,0094,D:\split_video\class_action_64\write\0094,3
460,0095,D:\split_video\class_action_64\write\0095,3
461,0096,D:\split_video\class_action_64\write\0096,3
462,0097,D:\split_video\class_action_64\write\0097,3
463,0098,D:\split_video\class_action_64\write\0098,3
464,0099,D:\split_video\class_action_64\write\0099,3
465,0100,D:\split_video\class_action_64\write\0100,3
466,0101,D:\split_video\class_action_64\write\0101,3
467,0102,D:\split_video\class_action_64\write\0102,3
468,0103,D:\split_video\class_action_64\write\0103,3
469,0104,D:\split_video\class_action_64\write\0104,3
470,0105,D:\split_video\class_action_64\write\0105,3
471,0106,D:\split_video\class_action_64\write\0106,3
472,0107,D:\split_video\class_action_64\write\0107,3
473,0108,D:\split_video\class_action_64\write\0108,3
